key,name,status,unitType,parentUnit.key,storeMode,stores,associateMode,approvalRuleMode,contactEmail,shippingAddressKeys,defaultShippingAddressKey,billingAddressKeys,defaultBillingAddressKey,associates.associateRoleAssignments.associateRole.key,associates.associateRoleAssignments.inheritance,associates.customer.key,addresses.key,addresses.country,addresses.company,addresses.streetName,addresses.streetNumber,addresses.building,addresses.pOBox,addresses.apartment,addresses.city,addresses.postalCode,addresses.region,addresses.state,addresses.additionalStreetInfo,addresses.custom.type.key,addresses.custom.fields.time-zone,custom.type.key,custom.fields.employee-count
lifttech-solutions-ltd,LiftTech Solutions Ltd,Active,Company,,Explicit,uk;europe,Explicit,Explicit,info@ltsl.com,gb-addr,gb-addr,gb-addr,gb-addr,admin,Enabled,oliver-smith,gb-addr,GB,LiftTech Solutions Ltd,Baker Street,221B,C,,987,London,SW1A 1AA,England,London,Sherlock Holmes House,addr-custom-type,GMT+1,bu-custom-type,421
,,,,,,,,,,,,,,approver,Disabled,amelia-jones,,,,,,,,,,,,,,,,,
,,,,,,,,,,,,,,buyer,Disabled,william-taylor,,,,,,,,,,,,,,,,,
eagle-heavy-lift-technologies-inc-us,Eagle Heavy Lift Technologies Inc.,Active,Company,,Explicit,default;dach,Explicit,Explicit,info@hlt.com,us-ny-addr;us-ca-addr,us-ca-addr,us-ny-addr,us-ny-addr,admin,Disabled,james-smith,us-ny-addr,US,Eagle Heavy Lift Technologies Inc. NY,Broadway,123,A,,789,New York,10001,New York,New York,Unit 456,addr-custom-type,GMT-4,bu-custom-type,524
,,,,,,,,,,,,,,approver,Disabled,emma-johnson,,,,,,,,,,,,,,,,,
,,,,,,,,,,,,,,buyer,Disabled,michael-williams,,,,,,,,,,,,,,,,,
,,,,,,,,,,,,,,,,,us-ca-addr,US,Eagle Heavy Lift Technologies Inc. CA,Market Street,456,B,,123,San Francisco,94105,California,California,Suite 101,addr-custom-type,GMT-7,,
lifttech-solutions-ltd-fr,LiftTech Solutions SARL,Active,Division,lifttech-solutions-ltd,FromParent,,ExplicitAndFromParent,ExplicitAndFromParent,info.fr@ltsl.com,fr-addr,fr-addr,fr-addr,fr-addr,approver,Disabled,lucas-dubois,fr-addr,FR,LiftTech Solutions Ltd FR,Rue de la Paix,789,E,,321,Paris,75002,Île-de-France,Île-de-France,Étage 4,addr-custom-type,GMT+2,bu-custom-type,211
,,,,,,,,,,,,,,buyer,Disabled,camille-lefevre,,,,,,,,,,,,,,,,,
